<?xml version="1.0" encoding="UTF-8"?>
<project-private xmlns="http://www.netbeans.org/ns/project-private/1">
    <editor-bookmarks xmlns="http://www.netbeans.org/ns/editor-bookmarks/2" lastBookmarkId="0"/>
    <open-files xmlns="http://www.netbeans.org/ns/projectui-open-files/2">
        <group>
            <file>file:/G:/Project/Todo/web/index.html</file>
            <file>file:/G:/Project/Todo/src/java/Add.java</file>
            <file>file:/G:/Project/Todo/src/java/Login.java</file>
            <file>file:/G:/Project/Todo/web/todolist.jsp</file>
            <file>file:/G:/Project/Todo/src/java/delete/Delete.java</file>
            <file>file:/G:/Project/Todo/web/Register.html</file>
            <file>file:/G:/Project/Todo/src/java/Register.java</file>
            <file>file:/G:/Project/Todo/src/java/Logout.java</file>
        </group>
    </open-files>
</project-private>
